April — RPAC Aquatic Center - Class Pool,,,,,,,
Hour,Mon,Tue,Wed,Thu,Fri,Sat,Sun
00:00,0.0,0.0,0.0,0.0,,,
01:00,0.0,0.0,0.0,0.0,,,
02:00,0.0,0.0,0.0,,,,
03:00,0.0,0.0,0.0,,,,
04:00,0.0,,0.0,0.0,,,
05:00,0.0,0.0,0.0,9.4,,,
06:00,6.2,9.4,12.5,9.4,,,
07:00,0.0,3.1,12.5,9.4,,,
08:00,4.7,15.6,3.1,12.5,,,
09:00,12.5,12.5,15.6,12.5,,,
10:00,0.0,6.2,12.5,9.4,,,
11:00,12.5,6.2,15.6,12.5,,,
12:00,9.3,15.6,21.9,1.6,,,
13:00,3.1,9.4,14.1,3.1,,,
14:00,12.5,9.4,18.8,9.4,,,
15:00,9.3,6.2,12.5,15.6,,,
16:00,21.9,28.1,12.5,4.7,,,
17:00,20.4,21.9,26.5,17.2,,,
18:00,23.5,21.9,35.9,25.0,,,
19:00,39.1,0.0,0.0,6.2,,,
20:00,18.8,0.0,0.0,,,,
21:00,0.0,0.0,0.0,0.0,,,
22:00,,0.0,,0.0,,,0.0
23:00,0.0,,0.0,0.0,,,0.0

April — RPAC Aquatic Center - Comp Pool,,,,,,,
Hour,Mon,Tue,Wed,Thu,Fri,Sat,Sun
00:00,0.0,0.0,0.0,0.0,,,
01:00,0.0,0.0,0.0,0.0,,,
02:00,0.0,0.0,0.0,,,,
03:00,0.0,0.0,0.0,,,,
04:00,0.0,,0.0,0.0,,,
05:00,0.0,0.0,0.0,0.0,,,
06:00,0.0,0.0,0.0,0.0,,,
07:00,0.0,0.0,0.0,0.0,,,
08:00,0.0,0.0,0.0,0.0,,,
09:00,0.0,0.0,0.0,0.0,,,
10:00,0.0,0.0,0.0,0.0,,,
11:00,4.0,0.0,0.0,0.0,,,
12:00,2.0,0.0,0.0,0.0,,,
13:00,0.0,0.0,0.0,0.0,,,
14:00,0.0,0.0,0.0,0.0,,,
15:00,0.0,0.0,0.0,0.0,,,
16:00,0.0,0.0,0.0,0.0,,,
17:00,0.0,0.0,0.0,0.0,,,
18:00,0.0,0.0,0.0,0.0,,,
19:00,15.0,0.0,0.0,0.0,,,
20:00,0.0,0.0,0.0,,,,
21:00,0.0,0.0,0.0,0.0,,,
22:00,,0.0,,0.0,,,0.0
23:00,0.0,,0.0,0.0,,,0.0

April — RPAC Aquatic Center - Hot Tub,,,,,,,
Hour,Mon,Tue,Wed,Thu,Fri,Sat,Sun
00:00,0.0,0.0,0.0,0.0,,,
01:00,0.0,0.0,0.0,0.0,,,
02:00,0.0,0.0,0.0,,,,
03:00,0.0,0.0,0.0,,,,
04:00,0.0,,0.0,0.0,,,
05:00,0.0,0.0,0.0,0.0,,,
06:00,0.0,6.7,0.0,6.7,,,
07:00,0.0,6.7,0.0,6.7,,,
08:00,6.7,26.7,0.0,6.7,,,
09:00,26.7,6.7,6.7,20.0,,,
10:00,0.0,6.7,10.0,0.0,,,
11:00,0.0,0.0,26.7,6.7,,,
12:00,0.0,13.3,0.0,10.0,,,
13:00,0.0,13.3,6.7,13.3,,,
14:00,0.0,6.7,13.3,10.0,,,
15:00,0.0,20.0,0.0,26.7,,,
16:00,0.0,16.6,26.7,6.7,,,
17:00,0.0,26.7,20.0,23.4,,,
18:00,0.0,30.0,40.0,40.0,,,
19:00,0.0,0.0,0.0,20.0,,,
20:00,0.0,0.0,0.0,,,,
21:00,0.0,0.0,0.0,0.0,,,
22:00,,0.0,,0.0,,,0.0
23:00,0.0,,0.0,0.0,,,0.0

April — RPAC Aquatic Center - Lap Pool,,,,,,,
Hour,Mon,Tue,Wed,Thu,Fri,Sat,Sun
00:00,0.0,0.0,0.0,0.0,,,
01:00,0.0,0.0,0.0,0.0,,,
02:00,0.0,0.0,0.0,,,,
03:00,0.0,0.0,0.0,,,,
04:00,0.0,,0.0,0.0,,,
05:00,0.0,0.0,0.0,16.7,,,
06:00,16.7,6.2,20.8,20.8,,,
07:00,12.5,20.8,20.8,12.5,,,
08:00,16.7,20.8,29.2,8.3,,,
09:00,16.7,25.0,20.8,12.5,,,
10:00,29.2,8.3,18.8,4.2,,,
11:00,20.8,16.7,16.7,16.7,,,
12:00,14.6,12.5,20.8,8.3,,,
13:00,16.7,12.5,20.8,12.5,,,
14:00,10.4,14.6,20.8,14.6,,,
15:00,14.6,20.8,8.3,16.7,,,
16:00,37.5,14.6,12.5,16.6,,,
17:00,31.2,41.7,18.8,18.8,,,
18:00,27.1,25.0,22.9,25.0,,,
19:00,18.7,0.0,0.0,8.3,,,
20:00,41.7,0.0,0.0,,,,
21:00,20.8,0.0,0.0,0.0,,,
22:00,,0.0,,0.0,,,0.0
23:00,0.0,,0.0,0.0,,,0.0

April — RPAC Aquatic Center - Leisure Pool,,,,,,,
Hour,Mon,Tue,Wed,Thu,Fri,Sat,Sun
00:00,0.0,0.0,0.0,0.0,,,
01:00,0.0,0.0,0.0,0.0,,,
02:00,0.0,0.0,0.0,,,,
03:00,0.0,0.0,0.0,,,,
04:00,0.0,,0.0,0.0,,,
05:00,0.0,0.0,0.0,0.0,,,
06:00,0.0,0.0,0.0,0.0,,,
07:00,0.0,0.0,0.0,0.0,,,
08:00,0.0,0.0,0.0,0.0,,,
09:00,0.0,0.0,0.0,0.0,,,
10:00,0.0,0.0,0.0,0.0,,,
11:00,0.0,0.0,0.0,0.0,,,
12:00,0.0,0.0,0.0,0.0,,,
13:00,0.0,0.0,0.0,0.0,,,
14:00,0.0,0.0,0.0,0.0,,,
15:00,0.0,0.0,0.0,0.0,,,
16:00,0.0,7.5,0.0,0.0,,,
17:00,0.0,32.5,0.0,0.0,,,
18:00,8.8,8.8,0.0,0.0,,,
19:00,18.8,0.0,0.0,0.0,,,
20:00,32.5,0.0,0.0,,,,
21:00,65.0,0.0,0.0,0.0,,,
22:00,,0.0,,0.0,,,0.0
23:00,0.0,,0.0,0.0,,,0.0

May — RPAC Aquatic Center - Class Pool,,,,,,,
Hour,Mon,Tue,Wed,Thu,Fri,Sat,Sun
00:00,15.6,0.0,0.0,0.0,0.0,12.5,15.6
01:00,15.6,0.0,0.0,0.0,0.0,12.5,15.6
02:00,0.0,0.0,0.0,0.0,0.0,12.5,15.6
03:00,15.6,0.0,0.0,0.0,0.0,8.3,15.6
04:00,15.6,0.0,0.0,0.0,0.0,16.7,0.0
05:00,0.0,0.0,0.0,0.0,1.6,8.3,15.6
06:00,25.0,9.4,9.4,5.2,9.4,12.5,10.4
07:00,0.0,9.4,5.2,3.1,10.9,12.5,0.0
08:00,5.2,6.2,3.1,2.1,13.5,10.2,15.6
09:00,1.6,8.3,3.1,8.3,15.6,15.6,15.6
10:00,7.8,0.0,3.1,0.0,9.4,15.7,15.6
11:00,7.8,0.0,1.6,7.3,12.5,18.7,15.6
12:00,8.3,1.6,4.7,1.6,10.2,15.6,17.1
13:00,4.7,4.2,10.4,2.1,10.4,24.2,18.7
14:00,4.1,0.0,0.0,3.1,10.9,20.3,7.8
15:00,4.7,3.9,3.9,10.9,10.9,19.5,30.2
16:00,3.1,21.9,10.9,7.8,17.9,24.2,27.3
17:00,26.0,21.9,11.7,12.5,21.1,43.8,26.6
18:00,21.9,45.9,26.0,12.5,23.4,28.1,26.5
19:00,0.0,0.0,10.2,0.0,12.5,15.6,0.0
20:00,0.0,0.0,0.0,0.0,12.5,15.6,0.0
21:00,0.0,0.0,0.0,0.0,12.5,15.6,15.6
22:00,0.0,0.0,0.0,,,15.6,15.6
23:00,0.0,0.0,0.0,0.0,12.5,,

May — RPAC Aquatic Center - Comp Pool,,,,,,,
Hour,Mon,Tue,Wed,Thu,Fri,Sat,Sun
00:00,0.0,0.0,0.0,0.0,0.0,0.0,0.0
01:00,0.0,0.0,0.0,0.0,0.0,0.0,0.0
02:00,0.0,0.0,0.0,0.0,0.0,0.0,0.0
03:00,0.0,0.0,0.0,0.0,0.0,0.0,0.0
04:00,0.0,0.0,0.0,0.0,0.0,0.0,0.0
05:00,0.0,0.0,0.0,0.0,0.0,0.0,0.0
06:00,0.0,0.0,0.0,0.0,0.0,0.0,0.0
07:00,0.0,0.0,0.0,0.0,0.0,0.0,0.0
08:00,0.0,0.0,0.0,0.0,0.0,0.0,0.0
09:00,0.0,0.0,0.0,0.0,0.0,0.0,0.0
10:00,0.0,0.0,0.0,0.0,0.0,0.0,0.0
11:00,0.0,0.0,0.0,0.0,0.0,0.0,0.0
12:00,0.0,0.0,0.0,0.0,0.0,0.0,0.0
13:00,0.0,0.0,0.0,0.0,0.0,0.0,0.0
14:00,0.0,0.0,0.0,0.0,0.0,0.0,0.0
15:00,0.0,0.0,0.0,0.0,0.0,0.0,0.0
16:00,0.0,0.0,0.0,0.0,0.0,0.0,0.0
17:00,0.0,0.0,0.0,0.0,0.0,0.0,0.0
18:00,0.0,0.0,0.0,0.0,0.0,0.0,0.0
19:00,0.0,0.0,0.0,0.0,0.0,0.0,0.0
20:00,0.0,0.0,0.0,0.0,0.0,0.0,0.0
21:00,0.0,0.0,0.0,0.0,0.0,0.0,0.0
22:00,0.0,0.0,0.0,,,0.0,0.0
23:00,0.0,0.0,0.0,0.0,0.0,,

May — RPAC Aquatic Center - Hot Tub,,,,,,,
Hour,Mon,Tue,Wed,Thu,Fri,Sat,Sun
00:00,33.4,0.0,0.0,0.0,0.0,0.0,33.4
01:00,33.4,0.0,0.0,0.0,0.0,0.0,33.4
02:00,0.0,0.0,0.0,0.0,0.0,0.0,33.4
03:00,33.4,0.0,0.0,0.0,0.0,0.0,33.4
04:00,33.4,0.0,0.0,0.0,0.0,0.0,0.0
05:00,0.0,0.0,0.0,0.0,0.0,0.0,33.4
06:00,33.4,0.0,0.0,0.0,3.4,0.0,22.2
07:00,3.4,3.3,4.4,0.0,0.0,0.0,0.0
08:00,2.2,0.0,3.4,4.4,0.0,0.0,33.4
09:00,3.4,4.5,10.0,0.0,3.4,8.3,33.4
10:00,10.0,0.0,3.4,0.0,0.0,0.0,33.4
11:00,3.4,3.4,0.0,4.4,4.5,6.7,33.4
12:00,4.5,0.0,0.0,13.3,13.3,11.7,38.4
13:00,10.0,0.0,13.3,0.0,15.6,8.3,40.0
14:00,8.9,0.0,0.0,11.1,23.3,16.6,23.3
15:00,30.0,3.3,10.0,3.4,20.0,11.7,48.9
16:00,6.7,0.0,6.7,33.3,21.7,35.0,46.7
17:00,4.4,20.0,13.3,20.0,33.3,40.0,60.0
18:00,13.3,44.5,8.9,20.0,18.3,40.0,51.7
19:00,0.0,0.0,3.3,0.0,0.0,33.4,0.0
20:00,0.0,0.0,0.0,0.0,0.0,33.4,0.0
21:00,0.0,0.0,0.0,0.0,0.0,33.4,33.4
22:00,0.0,0.0,0.0,,,33.4,33.4
23:00,0.0,0.0,0.0,0.0,0.0,,

May — RPAC Aquatic Center - Lap Pool,,,,,,,
Hour,Mon,Tue,Wed,Thu,Fri,Sat,Sun
00:00,12.5,25.0,12.5,0.0,0.0,12.5,12.5
01:00,12.5,12.5,0.0,12.5,0.0,12.5,12.5
02:00,0.0,0.0,12.5,25.0,0.0,12.5,12.5
03:00,12.5,8.3,12.5,12.5,0.0,8.3,12.5
04:00,12.5,12.5,25.0,12.5,0.0,16.7,0.0
05:00,0.0,12.5,12.5,12.5,3.1,8.3,12.5
06:00,20.9,22.9,20.9,11.1,20.9,12.5,8.3
07:00,16.6,21.9,12.5,20.9,18.8,12.5,0.0
08:00,23.6,22.9,18.8,20.8,18.1,12.5,12.5
09:00,18.8,15.3,18.8,16.7,14.6,15.6,12.5
10:00,20.9,25.0,18.8,25.0,12.5,16.6,12.5
11:00,20.9,20.9,16.6,22.2,13.9,16.6,12.5
12:00,19.5,18.8,20.9,18.8,12.5,23.9,14.6
13:00,18.8,9.7,22.2,20.8,18.1,18.8,19.8
14:00,13.9,25.0,25.0,19.4,16.7,27.1,14.6
15:00,20.9,17.7,20.8,18.8,16.6,27.1,22.2
16:00,22.2,8.3,25.0,8.3,20.9,25.0,21.9
17:00,26.4,12.5,23.9,16.7,25.0,25.0,31.2
18:00,39.6,8.3,27.8,16.7,30.2,18.8,25.0
19:00,12.5,12.5,19.8,0.0,12.5,12.5,0.0
20:00,12.5,12.5,25.0,0.0,12.5,12.5,0.0
21:00,16.7,12.5,8.3,0.0,12.5,12.5,12.5
22:00,0.0,12.5,25.0,,,12.5,12.5
23:00,12.5,25.0,12.5,0.0,12.5,,

May — RPAC Aquatic Center - Leisure Pool,,,,,,,
Hour,Mon,Tue,Wed,Thu,Fri,Sat,Sun
00:00,0.0,0.0,0.0,0.0,0.0,0.0,0.0
01:00,0.0,0.0,0.0,0.0,0.0,0.0,0.0
02:00,0.0,0.0,0.0,0.0,0.0,0.0,0.0
03:00,0.0,0.0,0.0,0.0,0.0,0.0,0.0
04:00,0.0,0.0,0.0,0.0,0.0,0.0,0.0
05:00,0.0,0.0,0.0,0.0,0.0,0.0,0.0
06:00,0.0,0.0,0.0,0.0,0.0,0.0,0.0
07:00,0.0,0.0,0.0,0.0,0.0,0.0,0.0
08:00,0.0,0.0,0.0,0.0,0.0,0.0,0.0
09:00,0.0,0.0,0.0,0.0,0.0,0.0,0.0
10:00,0.0,0.0,0.0,0.0,0.0,0.0,0.0
11:00,0.0,0.0,0.0,0.0,0.0,0.0,0.0
12:00,0.0,0.0,0.0,0.0,0.0,0.0,0.0
13:00,0.0,0.0,0.0,0.0,0.0,0.0,0.0
14:00,0.0,0.0,0.0,0.0,0.0,0.0,0.0
15:00,0.0,0.0,0.0,0.0,0.0,0.0,0.0
16:00,0.0,0.0,0.0,0.0,0.0,0.0,0.0
17:00,0.0,0.0,0.0,0.0,0.0,0.0,0.0
18:00,0.0,0.0,0.0,0.0,0.0,0.0,0.0
19:00,0.0,0.0,0.0,0.0,0.0,0.0,0.0
20:00,0.0,0.0,0.0,0.0,0.0,0.0,0.0
21:00,0.0,0.0,0.0,0.0,0.0,0.0,0.0
22:00,0.0,0.0,0.0,,,0.0,0.0
23:00,0.0,0.0,0.0,0.0,0.0,,

